title,created,score,comments,sentiment
Trump Team Has Full Meltdown Over CNN Story on ICE-Tracking App | Attorney General Pam Bondi said she was looking into the app’s creator.,2025-07-01 14:37:51,32563,1445,NEGATIVE
Kristi Noem Responds to ICEBlock App: 'Obstruction of Justice',2025-07-01 15:37:42,5576,505,NEGATIVE
Young Americans Are Spending A Whole Lot Less On Video Games This Year,2025-07-01 18:21:39,3079,745,NEGATIVE
"RFK Jr. Says AI Will Approve New Drugs at FDA ‘Very, Very Quickly’",2025-07-01 21:25:13,1729,445,NEGATIVE
"Ted Cruz plan to punish states that regulate AI shot down in 99-1 vote | The one vote backing moratorium on state AI laws came from Thom Tillis, not Cruz.",2025-07-01 17:34:28,3108,116,NEGATIVE
Tesla hit by train after extreme self-driving mode error: 'Went down the tracks approximately 40-50 feet',2025-07-01 12:53:19,4412,391,NEGATIVE
Senate strikes AI provision from GOP bill after uproar from the states,2025-07-01 12:28:35,3247,62,NEGATIVE
White House works to ground NASA science missions before Congress can act,2025-07-01 19:31:40,685,44,NEGATIVE
Cloudflare says AI companies have been “scraping content without limits” – now it’s letting website owners block crawlers and force them to pay,2025-07-01 13:41:48,1575,56,NEGATIVE
US Senate removes controversial 'AI moratorium' from budget bill,2025-07-01 13:32:24,1321,82,POSITIVE
Iran-linked hackers threaten to release Trump aides' emails,2025-07-01 03:43:23,9011,395,NEGATIVE
Gmail ads are not just annoying: Google is now facing a record fine in France! Google may have violated your privacy and is now facing the consequences: a 525 million euro fine.,2025-07-01 06:11:34,3393,88,NEGATIVE
"Drug cartel hacked FBI official’s phone to track and kill informants, report says",2025-07-01 12:37:06,1021,53,NEGATIVE
All of Meta's 4 new hires of AI team have undergraduate degree from China,2025-07-01 11:03:18,1308,221,POSITIVE
US lawmakers allege that OnePlus phones transmit data to Chinese servers without user consent,2025-07-01 14:30:15,442,106,NEGATIVE
Windows seemingly lost 400 million users in the past three years — official Microsoft statements show hints of a shrinking user base,2025-06-30 18:37:25,21162,3383,NEGATIVE
"Amazon CEO Andy Jassy says AI will probably mean fewer jobs after 27,000 people have already been cut from its workforce",2025-07-01 21:19:40,92,46,NEGATIVE
State Department Wants to Know Student Visa Applicants’ Myspace Accounts,2025-07-01 14:57:52,235,88,NEGATIVE
Protesters accuse Google of violating its promises on AI safety: 'AI companies are less regulated than sandwich shops',2025-07-01 15:39:19,190,5,NEGATIVE
Google kills the fact-checking snippet,2025-07-01 18:29:34,116,12,NEGATIVE
"Senate GOP budget bill has little-noticed provision that could hurt your Wi-Fi | Cruz bill could take 6 GHz spectrum away from Wi-Fi, give it to mobile carriers.",2025-06-30 22:34:12,4415,253,NEGATIVE
There’s a Race to Power the Future. China Is Pulling Away.,2025-07-01 01:28:36,2269,157,NEGATIVE
British IT worker sentenced to seven months after trashing company network,2025-07-01 18:45:45,59,14,NEGATIVE
Even Donald Trump can't get a good connection for a work video call,2025-07-01 17:52:34,67,17,NEGATIVE
FBI Warning Issued As 2FA Bypass Attacks Surge — Get Prepared,2025-06-30 17:52:33,5579,337,NEGATIVE
Tinder to require new users in California to use facial recognition tech to verify their profiles,2025-07-01 19:29:31,37,5,NEGATIVE
Israel imposes sweeping censorship on foreign media,2025-06-30 13:03:46,15257,589,NEGATIVE
Linux's remarkable journey from one dev's hobby to 40 million lines of code - and counting,2025-07-01 20:07:24,36,1,POSITIVE
‘I wanted to do something to fight back’: Developer makes app to flag ICE raids,2025-06-30 13:57:48,9266,76,NEGATIVE
Commodore acquired for a ‘low seven figure’ price — new (acting) CEO comes from the retro community,2025-07-01 12:53:27,102,32,NEGATIVE
France shuts down nuclear power plant due to severe heatwave,2025-06-30 19:24:10,2430,146,NEGATIVE
"Batteries are now cheap enough to unleash solar’s full potential, getting as close as 97% of the way to delivering constant electricity supply 24 hours across 365 days cost-effectively in the sunniest places.",2025-06-30 19:19:27,2453,122,NEGATIVE
Nexus Mods will soon require age verification for UK and EU users looking for its treasure trove of adult mods,2025-07-01 16:36:40,41,21,NEGATIVE
Tech firms urged to put the brakes on AI: Campaigners to call for restraint in protest near Google DeepMind office,2025-07-01 16:09:24,42,3,NEGATIVE
"Meta, TikTok can’t toss wrongful death suit from mom of “subway surfing” teen | Companies may be forced to show how they targeted videos to teen who died.",2025-06-30 20:01:42,1649,77,NEGATIVE
"'Xbox Hardware Is Dead,' Says Founding Team Member, 'It Looks Like Xbox Has No Desire — Or Literally Can't — Ship Hardware Anymore'",2025-06-30 11:56:26,8600,1499,NEGATIVE
Utah accuses Snapchat of designing algorithm addictive to children,2025-07-01 21:10:27,15,1,NEGATIVE
Johnson Controls starts notifying people affected by 2023 breach,2025-07-01 19:44:01,18,0,NEGATIVE
US government takes down major North Korean ‘remote IT workers’ operation,2025-07-01 00:42:51,592,3,NEGATIVE
Nintendo Switch 2 Has Sold 5 Million Units In Its First Month Overtaking The PS4 As The Fastest Selling Console Ever,2025-07-01 19:58:21,19,25,POSITIVE
Trump blames AT&T for tech issues in a call with faith leaders,2025-06-30 19:47:43,1189,167,NEGATIVE
"Nudify app’s plan to dominate deepfake porn hinges on Reddit, docs show | Report: Clothoff ignored California’s lawsuit while buying up 10 rivals.",2025-07-01 21:00:00,12,0,NEGATIVE
"Amazon hits 1 million warehouse robots, nearly matching its human workforce",2025-07-01 14:13:24,31,3,POSITIVE
Linus Torvalds hints Bcachefs may get dropped from the Linux kernel,2025-07-01 12:57:12,38,12,NEGATIVE
New blood tests promise to detect malignancies before they’ve spread. But proving that these tests actually improve outcomes remains a stubborn challenge,2025-07-01 18:42:30,12,0,NEGATIVE
"New ""smart capsule"" to study the health of the GI tract",2025-07-01 18:44:55,12,2,POSITIVE
Cloudflare launches a marketplace that lets websites charge AI bots for scraping,2025-07-01 12:50:52,34,5,NEGATIVE
Plan to deliver 45GW of solar power by 2030,2025-07-01 10:52:06,41,3,POSITIVE
A Trio of US Treasury Hacks Exposes a Pattern Making Banks Nervous,2025-07-01 16:57:51,14,0,NEGATIVE
X opens up to Community Notes written by AI bots,2025-07-01 22:31:01,6,5,POSITIVE
"Meta is offering multimillion-dollar pay for AI researchers, but not $100M ‘signing bonuses’",2025-07-01 19:42:33,6,3,NEGATIVE
"Rick Perry's energy company to bring nuclear, data centers to Texas",2025-07-01 10:29:09,37,17,POSITIVE
Facebook wants to access your camera roll for Meta AI photo suggestions,2025-07-01 09:39:13,49,14,NEGATIVE
"Hackers don’t need your employees anymore, AI agents are now doing the dirty work for them",2025-06-30 21:45:27,404,2,NEGATIVE
"What Happens After A.I. Destroys College Writing? The demise of the English paper will end a long intellectual tradition, but it’s also an opportunity to reexamine the purpose of higher education.",2025-06-30 13:39:07,1712,301,NEGATIVE
"Out of space: Picturing the big, crowded business of satellite internet",2025-07-01 17:27:55,10,3,NEGATIVE
"Landmark EU tech rules holding back innovation, Google says",2025-07-01 10:15:40,38,35,POSITIVE
Privacy-focused app maker Proton sues Apple over alleged anticompetitive practices and fees,2025-07-01 01:45:12,163,1,NEGATIVE
Microsoft Says Its New AI System Diagnosed Patients 4 Times More Accurately Than Human Doctors,2025-07-01 00:25:21,195,164,NEGATIVE
Anker is recalling another five power banks over fire risks,2025-06-30 12:37:35,1642,173,POSITIVE
Hawaiian Airlines Hacked as Aviation Sector Warned of Scattered Spider Attacks,2025-07-01 15:59:55,12,0,NEGATIVE
Judge allows antitrust lawsuit against Apple to proceed,2025-06-30 22:09:31,264,5,POSITIVE
Novo Nordisk is losing Canadian patent protection on a blockbuster drug after not paying a small fee,2025-06-30 14:08:26,996,64,NEGATIVE
Google fixes fourth actively exploited Chrome zero-day of 2025,2025-07-01 13:55:49,11,1,NEGATIVE
Iran Reverse-Engineering High-Tech Drones Israel 'Left' In Tehran: Report,2025-06-30 16:49:06,485,56,NEGATIVE
Switzerland says government data stolen in ransomware attack,2025-07-01 04:45:05,53,5,NEGATIVE
AI agents wrong ~70% of time: Carnegie Mellon study,2025-06-30 00:15:27,11586,754,NEGATIVE
"China could be the world's top semiconductor foundry hub by 2030 — despite US curbs, nation to hold 30% of global installed capacity, surpassing Taiwan",2025-06-30 22:23:09,145,48,POSITIVE
Trump reveals group of 'wealthy people' wants to buy TikTok in U.S.,2025-06-30 08:55:21,1613,225,POSITIVE
VMware must support Dutch govt agency's migration: Judge,2025-07-01 06:52:11,25,11,NEGATIVE
Apple will reportedly release as many as 7 headsets and glasses between now and 2028,2025-06-30 12:35:00,671,195,NEGATIVE
xAI raises $10B in debt and equity,2025-07-01 12:59:00,8,5,POSITIVE
Video Shows Drone Rescuing Stranded Man During Flood in China,2025-07-01 14:27:00,5,0,NEGATIVE
Amazon Is on the Cusp of Using More Robots Than Humans in Its Warehouses,2025-07-01 15:22:07,5,0,NEGATIVE
The year of the European Union Linux desktop may finally arrive,2025-06-30 13:02:35,504,61,POSITIVE
Ford CEO Jim Farley says Waymo’s approach to self-driving makes more sense than Tesla’s,2025-06-29 20:22:54,11254,1004,POSITIVE
"Android 16 review. The age of big, exciting Android updates is probably over.",2025-06-30 11:14:13,572,82,NEGATIVE
Tech firms face demands to stop illegal content going viral,2025-06-30 18:28:40,149,5,NEGATIVE
Killing machines: how Russia and Ukraine’s race to perfect deadly pilotless drones could harm us all,2025-06-30 18:38:15,127,16,NEGATIVE
Google Bets on Nuclear Fusion for Next Generation of Clean Power,2025-06-30 13:25:01,329,47,NEGATIVE
Fibre optics on glaciers open new frontiers for natural disaster predictions,2025-07-01 07:40:23,6,0,POSITIVE
Tinder to require Face Check for new users in California,2025-06-30 18:56:30,72,11,NEGATIVE
Microsoft Defender for Office 365 now blocks email bombing attacks,2025-06-30 20:21:58,52,3,NEGATIVE
"Nintendo reportedly pulled products, including Switch 2, from Amazon U.S. because of alleged sales dispute — both companies deny claims",2025-06-30 21:28:19,40,9,NEGATIVE
COROS Confirms Substantial Watch Security Vulnerablity: Says Fixes Are Coming,2025-07-01 01:10:18,19,2,POSITIVE
Senators reach deal on AI regulation ban,2025-06-30 03:11:16,948,98,POSITIVE
Can France’s Eutelsat become Europe’s answer to Starlink ?,2025-06-30 11:04:36,223,26,NEGATIVE
UK to be first country to use AI healthcare system to prevent future scandals,2025-06-30 13:29:29,123,42,POSITIVE
Windows 12 release is pushed back at least another year as Microsoft announces Windows 11 version 25H2,2025-06-29 19:31:00,2586,481,NEGATIVE
Bluetooth flaws could let hackers spy through your microphone,2025-06-30 18:41:51,35,5,NEGATIVE
"In China, coins and banknotes have all but disappeared",2025-06-29 14:06:29,6517,1043,NEGATIVE
Microsoft warns of Windows update delays due to wrong timestamp,2025-06-30 16:58:04,40,5,NEGATIVE
Gas-powered leaf blowers are being banned across US,2025-06-29 11:28:39,14765,1761,NEGATIVE
"More than 25% of UK businesses hit by cyber-attack in last year, report finds",2025-06-30 18:44:53,26,1,NEGATIVE
Trump tells Fox News he has group of wealthy people to buy TikTok,2025-06-29 17:03:43,2986,337,POSITIVE
International Criminal Court hit with cyber security attack,2025-07-01 01:13:31,5,3,NEGATIVE
"Death Stranding director Hideo Kojima explains why few Japanese actors appear in his games | The designer cites a language barrier, and alleged difficulty in authentically recreating Asian skin tones",2025-06-30 00:03:29,619,136,NEGATIVE
"Iranian hackers 'may still conduct malicious cyber activity,' US agencies warn",2025-06-30 19:47:04,14,3,NEGATIVE
Apple Weighs Using Anthropic or OpenAI to Power Siri in Major Reversal,2025-06-30 19:18:33,18,15,NEGATIVE
The Trump administration is building a national citizenship data system,2025-06-29 09:51:21,8060,412,POSITIVE
